timestamp,project_name,run_id,duration,emissions,emissions_rate,cpu_power,gpu_power,ram_power,cpu_energy,gpu_energy,ram_energy,energy_consumed,country_name,country_iso_code,region,cloud_provider,cloud_region,os,python_version,codecarbon_version,cpu_count,cpu_model,gpu_count,gpu_model,longitude,latitude,ram_total_size,tracking_mode,on_cloud,pue
2024-09-26T10:46:51,llama2_emissions,fe49c3d9-624a-4061-911d-1526893f1892,3.508045196533203,4.060984136460829e-05,1.1576202440248098e-05,75.0,828.2684022408638,32.36384582519531,7.308058440685272e-05,0.000373905021346,3.1458312820741407e-05,0.0004784439185735,France,FRA,,,,Linux-5.15.0-116-generic-x86_64-with-glibc2.35,3.10.12,2.5.0,30,Intel(R) Xeon(R) Gold 6226R CPU @ 2.90GHz,2,2 x Tesla V100S-PCIE-32GB,2.3387,48.8582,86.3035888671875,machine,N,1.0
2024-09-26T10:46:58,llama2_emissions,123d5f10-ec87-43a8-b784-c9ff08061f80,3.4504568576812744,4.149162052848504e-05,1.2024964298892188e-05,75.0,840.5906862345282,32.36384582519531,7.188092668851218e-05,0.000386010308808,3.0941344157872666e-05,0.0004888325796543,France,FRA,,,,Linux-5.15.0-116-generic-x86_64-with-glibc2.35,3.10.12,2.5.0,30,Intel(R) Xeon(R) Gold 6226R CPU @ 2.90GHz,2,2 x Tesla V100S-PCIE-32GB,2.3387,48.8582,86.3035888671875,machine,N,1.0
2024-09-26T10:47:04,llama2_emissions,3adf12f2-31a3-454a-a9d7-6e1710a412f2,3.4514710903167725,4.154100086865349e-05,1.203573774243634e-05,75.0,843.284628786367,32.36384582519531,7.19027320543925e-05,0.0003865600314699,3.095158947993089e-05,0.0004894143530043,France,FRA,,,,Linux-5.15.0-116-generic-x86_64-with-glibc2.35,3.10.12,2.5.0,30,Intel(R) Xeon(R) Gold 6226R CPU @ 2.90GHz,2,2 x Tesla V100S-PCIE-32GB,2.3387,48.8582,86.3035888671875,machine,N,1.0
2024-09-26T10:47:13,llama2_emissions,a60d69cc-7ce0-4316-b9f6-c6fedb6605fd,3.444691896438598,4.146963288695822e-05,1.2038705966659276e-05,75.0,0.0,32.36384582519531,7.176128526528677e-05,0.000385902530944,3.090971654860672e-05,0.0004885735327579,France,FRA,,,,Linux-5.15.0-116-generic-x86_64-with-glibc2.35,3.10.12,2.5.0,30,Intel(R) Xeon(R) Gold 6226R CPU @ 2.90GHz,2,2 x Tesla V100S-PCIE-32GB,2.3387,48.8582,86.3035888671875,machine,N,1.0
2024-09-26T10:47:20,llama2_emissions,66eed0f9-d848-44a8-9e08-b72a4b57fdae,3.451123714447021,4.0561311273578514e-05,1.1753073673882396e-05,75.0,854.3777567718471,32.36384582519531,7.189500331878661e-05,0.0003750289111339,3.094824796171148e-05,0.0004778721624144,France,FRA,,,,Linux-5.15.0-116-generic-x86_64-with-glibc2.35,3.10.12,2.5.0,30,Intel(R) Xeon(R) Gold 6226R CPU @ 2.90GHz,2,2 x Tesla V100S-PCIE-32GB,2.3387,48.8582,86.3035888671875,machine,N,1.0
2024-09-26T10:47:28,llama2_emissions,808ffd8c-cec9-45aa-849e-836f86b24a57,3.4692704677581787,4.1618448813932674e-05,1.1996311386130197e-05,75.0,0.0,32.36384582519531,7.227308551470438e-05,0.0003869266984299,3.112702025813633e-05,0.0004903268042028,France,FRA,,,,Linux-5.15.0-116-generic-x86_64-with-glibc2.35,3.10.12,2.5.0,30,Intel(R) Xeon(R) Gold 6226R CPU @ 2.90GHz,2,2 x Tesla V100S-PCIE-32GB,2.3387,48.8582,86.3035888671875,machine,N,1.0
2024-09-26T10:47:36,llama2_emissions,df78e53b-98e1-49f6-a743-60e6a509faa3,3.445910930633545,4.1481421528307287e-05,1.2037868175739748e-05,75.0,2579.925755045935,32.36384582519531,7.178646326065065e-05,0.000386108919998,3.081703710806323e-05,0.0004887124203667,France,FRA,,,,Linux-5.15.0-116-generic-x86_64-with-glibc2.35,3.10.12,2.5.0,30,Intel(R) Xeon(R) Gold 6226R CPU @ 2.90GHz,2,2 x Tesla V100S-PCIE-32GB,2.3387,48.8582,86.3035888671875,machine,N,1.0
2024-09-26T10:47:43,llama2_emissions,43c58ee3-9c43-496c-accf-4cb914421229,3.441170215606689,4.1528229413660445e-05,1.2068054415128338e-05,75.0,0.0,32.36384582519531,7.168695330619812e-05,0.0003867000315819,3.0876901510800954e-05,0.0004892638863989,France,FRA,,,,Linux-5.15.0-116-generic-x86_64-with-glibc2.35,3.10.12,2.5.0,30,Intel(R) Xeon(R) Gold 6226R CPU @ 2.90GHz,2,2 x Tesla V100S-PCIE-32GB,2.3387,48.8582,86.3035888671875,machine,N,1.0
2024-09-26T10:47:52,llama2_emissions,108bbe5c-df0a-441d-85dd-19b727710a26,3.445786476135254,4.150510606600651e-05,1.2045176436050691e-05,75.0,695.3129840448344,32.36384582519531,7.178414861361186e-05,0.0003863180868319,3.088922376111744e-05,0.0004889914592067,France,FRA,,,,Linux-5.15.0-116-generic-x86_64-with-glibc2.35,3.10.12,2.5.0,30,Intel(R) Xeon(R) Gold 6226R CPU @ 2.90GHz,2,2 x Tesla V100S-PCIE-32GB,2.3387,48.8582,86.3035888671875,machine,N,1.0
2024-09-26T10:47:59,llama2_emissions,de9d8ebb-b133-4404-ac22-d0644492b333,3.425747871398926,4.141784979407149e-05,1.2090162892565192e-05,75.0,0.0,32.36384582519531,7.136671741803487e-05,0.000385856697574,3.0740036439665345e-05,0.0004879634514317,France,FRA,,,,Linux-5.15.0-116-generic-x86_64-with-glibc2.35,3.10.12,2.5.0,30,Intel(R) Xeon(R) Gold 6226R CPU @ 2.90GHz,2,2 x Tesla V100S-PCIE-32GB,2.3387,48.8582,86.3035888671875,machine,N,1.0
2024-09-26T10:48:06,llama2_emissions,3112524c-d5ba-4e6c-81ad-98cbf100084a,3.4439074993133545,4.069142571274492e-05,1.181548160653501e-05,75.0,1824.1141402837904,32.36384582519531,7.174502313137054e-05,0.0003767975236599,3.0862555916546626e-05,0.0004794051027079,France,FRA,,,,Linux-5.15.0-116-generic-x86_64-with-glibc2.35,3.10.12,2.5.0,30,Intel(R) Xeon(R) Gold 6226R CPU @ 2.90GHz,2,2 x Tesla V100S-PCIE-32GB,2.3387,48.8582,86.3035888671875,machine,N,1.0
2024-09-26T10:48:12,llama2_emissions,36e7783d-933c-402d-aa2d-4b5ecdd810f5,2.725126981735229,3.2765659643926154e-05,1.202353499984891e-05,75.0,1052.9384259363544,32.36384582519531,5.6770299871762594e-05,0.0003048477438779,2.4409827030128025e-05,0.0003860278707798,France,FRA,,,,Linux-5.15.0-116-generic-x86_64-with-glibc2.35,3.10.12,2.5.0,30,Intel(R) Xeon(R) Gold 6226R CPU @ 2.90GHz,2,2 x Tesla V100S-PCIE-32GB,2.3387,48.8582,86.3035888671875,machine,N,1.0
2024-09-26T10:48:21,llama2_emissions,7f376563-3673-47a1-ab7d-19a0f9e5da68,3.463337182998657,4.1616856888694016e-05,1.201640345415659e-05,75.0,0.0,32.36384582519531,7.214979330698648e-05,0.00038708225411,3.1076001555008284e-05,0.0004903080489719,France,FRA,,,,Linux-5.15.0-116-generic-x86_64-with-glibc2.35,3.10.12,2.5.0,30,Intel(R) Xeon(R) Gold 6226R CPU @ 2.90GHz,2,2 x Tesla V100S-PCIE-32GB,2.3387,48.8582,86.3035888671875,machine,N,1.0
2024-09-26T10:48:28,llama2_emissions,fcea7ae7-7f6f-4e3d-986c-5af0f9f9a08c,3.4583780765533447,4.156778367363212e-05,1.2019444593246729e-05,75.0,0.0,32.36384582519531,7.204620540142058e-05,0.0003866514204319,3.103226817608023e-05,0.0004897298940094,France,FRA,,,,Linux-5.15.0-116-generic-x86_64-with-glibc2.35,3.10.12,2.5.0,30,Intel(R) Xeon(R) Gold 6226R CPU @ 2.90GHz,2,2 x Tesla V100S-PCIE-32GB,2.3387,48.8582,86.3035888671875,machine,N,1.0
2024-09-26T10:48:35,llama2_emissions,70065fdd-5df1-4981-879d-d03648f16ac7,3.4622673988342285,4.160388021493244e-05,1.2016368299265614e-05,75.0,0.0,32.36384582519531,7.212709387143453e-05,0.00038696003179,3.1068038924998595e-05,0.0004901551645864,France,FRA,,,,Linux-5.15.0-116-generic-x86_64-with-glibc2.35,3.10.12,2.5.0,30,Intel(R) Xeon(R) Gold 6226R CPU @ 2.90GHz,2,2 x Tesla V100S-PCIE-32GB,2.3387,48.8582,86.3035888671875,machine,N,1.0
2024-09-26T10:48:41,llama2_emissions,ae49eb77-7da4-4355-964a-65ca945122e7,3.4668867588043213,4.16621929826045e-05,1.2017177335487354e-05,75.0,624.8743076056987,32.36384582519531,7.222325106461843e-05,0.000387566698942,3.1052225120365614e-05,0.0004908421751269,France,FRA,,,,Linux-5.15.0-116-generic-x86_64-with-glibc2.35,3.10.12,2.5.0,30,Intel(R) Xeon(R) Gold 6226R CPU @ 2.90GHz,2,2 x Tesla V100S-PCIE-32GB,2.3387,48.8582,86.3035888671875,machine,N,1.0
2024-09-26T10:48:49,llama2_emissions,01c7ba24-6cdc-4d6b-b69c-edad064a1e3f,3.4645137786865234,4.166772748921928e-05,1.2027005851602204e-05,75.0,967.4577004171016,32.36384582519531,7.217397292455037e-05,0.000387670865692,3.1062541173726764e-05,0.0004909073797902,France,FRA,,,,Linux-5.15.0-116-generic-x86_64-with-glibc2.35,3.10.12,2.5.0,30,Intel(R) Xeon(R) Gold 6226R CPU @ 2.90GHz,2,2 x Tesla V100S-PCIE-32GB,2.3387,48.8582,86.3035888671875,machine,N,1.0
2024-09-26T10:48:54,llama2_emissions,e476cdce-a5b2-4e76-85cb-84095c33c7c1,1.1720564365386963,1.2661867802434145e-05,1.080312125568546e-05,75.0,0.0,32.36384582519531,2.441426614920298e-05,0.0001142828692039,1.047837098446204e-05,0.0001491755063376,France,FRA,,,,Linux-5.15.0-116-generic-x86_64-with-glibc2.35,3.10.12,2.5.0,30,Intel(R) Xeon(R) Gold 6226R CPU @ 2.90GHz,2,2 x Tesla V100S-PCIE-32GB,2.3387,48.8582,86.3035888671875,machine,N,1.0
2024-09-26T10:49:01,llama2_emissions,216c6ea2-992f-4c35-a0bc-4f7955f26158,3.43864107131958,4.151901993273481e-05,1.2074252319914818e-05,75.0,613.2940123408175,32.36384582519531,7.163532078266143e-05,0.0003866947538,3.082531052713117e-05,0.0004891553851098,France,FRA,,,,Linux-5.15.0-116-generic-x86_64-with-glibc2.35,3.10.12,2.5.0,30,Intel(R) Xeon(R) Gold 6226R CPU @ 2.90GHz,2,2 x Tesla V100S-PCIE-32GB,2.3387,48.8582,86.3035888671875,machine,N,1.0
2024-09-26T10:49:08,llama2_emissions,ad7e3cfe-5101-4fb7-adf6-d13b343677b4,3.4428582191467285,4.152974102137916e-05,1.206257660870851e-05,75.0,0.0,32.36384582519531,7.172288000583649e-05,0.0003866819760119,3.0876839352989314e-05,0.0004892816953708,France,FRA,,,,Linux-5.15.0-116-generic-x86_64-with-glibc2.35,3.10.12,2.5.0,30,Intel(R) Xeon(R) Gold 6226R CPU @ 2.90GHz,2,2 x Tesla V100S-PCIE-32GB,2.3387,48.8582,86.3035888671875,machine,N,1.0
2024-09-26T10:49:13,llama2_emissions,ec5d0ace-eb07-431a-89fd-ce4dba15e43c,0.4136478900909424,4.6359133107663e-06,1.1207390202684396e-05,75.0,0.0,32.36384582519531,8.61463447411855e-06,4.234281165201026e-05,3.6604606678520208e-06,5.461790679398084e-05,France,FRA,,,,Linux-5.15.0-116-generic-x86_64-with-glibc2.35,3.10.12,2.5.0,30,Intel(R) Xeon(R) Gold 6226R CPU @ 2.90GHz,2,2 x Tesla V100S-PCIE-32GB,2.3387,48.8582,86.3035888671875,machine,N,1.0
2024-09-26T10:49:19,llama2_emissions,e9a06f89-a64e-4383-ad91-94885504569c,3.435615301132202,4.151163478019065e-05,1.2082736610967632e-05,75.0,2145.707547392626,32.36384582519531,7.15719610452652e-05,0.00038673364272,3.0762773338492474e-05,0.0004890683771037,France,FRA,,,,Linux-5.15.0-116-generic-x86_64-with-glibc2.35,3.10.12,2.5.0,30,Intel(R) Xeon(R) Gold 6226R CPU @ 2.90GHz,2,2 x Tesla V100S-PCIE-32GB,2.3387,48.8582,86.3035888671875,machine,N,1.0
2024-09-26T10:49:27,llama2_emissions,956af702-3f0c-4f80-a764-e1814acdda60,3.447937488555908,4.15347638300851e-05,1.2046263590318458e-05,75.0,0.0,32.36384582519531,7.18286136786143e-05,0.000386574475926,3.093778187225325e-05,0.0004893408714768,France,FRA,,,,Linux-5.15.0-116-generic-x86_64-with-glibc2.35,3.10.12,2.5.0,30,Intel(R) Xeon(R) Gold 6226R CPU @ 2.90GHz,2,2 x Tesla V100S-PCIE-32GB,2.3387,48.8582,86.3035888671875,machine,N,1.0
2024-09-26T10:49:34,llama2_emissions,fad400e2-e554-4a38-83c0-37a07c493ada,3.435448169708252,4.147922509720888e-05,1.2073890522624711e-05,75.0,0.0,32.36384582519531,7.15685933828354e-05,0.0003862950312579,3.082291852306904e-05,0.0004886865431639,France,FRA,,,,Linux-5.15.0-116-generic-x86_64-with-glibc2.35,3.10.12,2.5.0,30,Intel(R) Xeon(R) Gold 6226R CPU @ 2.90GHz,2,2 x Tesla V100S-PCIE-32GB,2.3387,48.8582,86.3035888671875,machine,N,1.0
2024-09-26T10:49:41,llama2_emissions,8114552f-3cf3-4e24-804b-34e5241dea5e,3.456576347351074,4.060202052466333e-05,1.1746310928667449e-05,75.0,0.0,32.36384582519531,7.200878361860911e-05,0.000375327244706,3.1015749201790945e-05,0.0004783517775264,France,FRA,,,,Linux-5.15.0-116-generic-x86_64-with-glibc2.35,3.10.12,2.5.0,30,Intel(R) Xeon(R) Gold 6226R CPU @ 2.90GHz,2,2 x Tesla V100S-PCIE-32GB,2.3387,48.8582,86.3035888671875,machine,N,1.0
2024-09-26T10:49:48,llama2_emissions,f3490bf9-fbb8-4168-9c6a-84384289183e,3.452588081359864,4.157145837738007e-05,1.2040665552262004e-05,75.0,874.1954440034118,32.36384582519531,7.192565997441609e-05,0.000386891698402,3.095582907136001e-05,0.0004897731874477,France,FRA,,,,Linux-5.15.0-116-generic-x86_64-with-glibc2.35,3.10.12,2.5.0,30,Intel(R) Xeon(R) Gold 6226R CPU @ 2.90GHz,2,2 x Tesla V100S-PCIE-32GB,2.3387,48.8582,86.3035888671875,machine,N,1.0
2024-09-26T10:49:55,llama2_emissions,1f93a468-416f-48a3-8473-da2f27e2dbce,3.4727988243103027,4.171608221682865e-05,1.2012236909551895e-05,75.0,0.0,32.36384582519531,7.234686613082886e-05,0.000387987532612,3.114267116643532e-05,0.0004914770699092,France,FRA,,,,Linux-5.15.0-116-generic-x86_64-with-glibc2.35,3.10.12,2.5.0,30,Intel(R) Xeon(R) Gold 6226R CPU @ 2.90GHz,2,2 x Tesla V100S-PCIE-32GB,2.3387,48.8582,86.3035888671875,machine,N,1.0
2024-09-26T10:50:02,llama2_emissions,cff7fcf5-d6a3-48aa-96e3-df3216dd5237,3.496966600418091,4.180221560480121e-05,1.1953850402747174e-05,75.0,1145.0363100784484,32.36384582519531,7.28502223889033e-05,0.000388309755092,3.133187097160771e-05,0.0004924918484525,France,FRA,,,,Linux-5.15.0-116-generic-x86_64-with-glibc2.35,3.10.12,2.5.0,30,Intel(R) Xeon(R) Gold 6226R CPU @ 2.90GHz,2,2 x Tesla V100S-PCIE-32GB,2.3387,48.8582,86.3035888671875,machine,N,1.0
2024-09-26T10:50:06,llama2_emissions,68f9900a-521b-435a-bf48-13fd19c922d2,0.7210972309112549,8.416674326969647e-06,1.167203806390082e-05,75.0,678.6905105571919,32.36384582519531,1.501971979935964e-05,7.77481177539896e-05,6.39301880652359e-06,9.916085635987284e-05,France,FRA,,,,Linux-5.15.0-116-generic-x86_64-with-glibc2.35,3.10.12,2.5.0,30,Intel(R) Xeon(R) Gold 6226R CPU @ 2.90GHz,2,2 x Tesla V100S-PCIE-32GB,2.3387,48.8582,86.3035888671875,machine,N,1.0
2024-09-26T10:50:10,llama2_emissions,248d79ac-de26-4546-b841-a7bc33e28c5e,0.3931245803833008,4.370878933894792e-06,1.1118304863138134e-05,75.0,0.0,32.36384582519531,8.186921477317811e-06,3.983253186599228e-05,3.4759569925184525e-06,5.149541033582855e-05,France,FRA,,,,Linux-5.15.0-116-generic-x86_64-with-glibc2.35,3.10.12,2.5.0,30,Intel(R) Xeon(R) Gold 6226R CPU @ 2.90GHz,2,2 x Tesla V100S-PCIE-32GB,2.3387,48.8582,86.3035888671875,machine,N,1.0
2024-09-26T10:50:16,llama2_emissions,a0140afc-976c-4a0a-92fd-7f7c380ccd33,3.4437992572784424,4.147929548835639e-05,1.2044632218527323e-05,75.0,0.0,32.36384582519531,7.174271841843922e-05,0.0003860430866119,3.090156744516207e-05,0.0004886873724755,France,FRA,,,,Linux-5.15.0-116-generic-x86_64-with-glibc2.35,3.10.12,2.5.0,30,Intel(R) Xeon(R) Gold 6226R CPU @ 2.90GHz,2,2 x Tesla V100S-PCIE-32GB,2.3387,48.8582,86.3035888671875,machine,N,1.0
2024-09-26T10:50:25,llama2_emissions,8ca35b74-02e3-41f8-9327-31bed3405cf0,3.485520362854004,4.0639983569233975e-05,1.1659660348665202e-05,75.0,0.0,32.36384582519531,7.26118783156077e-05,0.0003749100221499,3.1277137803390354e-05,0.0004787990382689,France,FRA,,,,Linux-5.15.0-116-generic-x86_64-with-glibc2.35,3.10.12,2.5.0,30,Intel(R) Xeon(R) Gold 6226R CPU @ 2.90GHz,2,2 x Tesla V100S-PCIE-32GB,2.3387,48.8582,86.3035888671875,machine,N,1.0
2024-09-26T10:50:32,llama2_emissions,8f07f21c-0657-412f-bdbd-fc6e44f87130,3.4372787475585938,4.1508914416574e-05,1.2076097827694848e-05,75.0,0.0,32.36384582519531,7.160687446594238e-05,0.0003865869759359,3.084247680001075e-05,0.0004890363272019,France,FRA,,,,Linux-5.15.0-116-generic-x86_64-with-glibc2.35,3.10.12,2.5.0,30,Intel(R) Xeon(R) Gold 6226R CPU @ 2.90GHz,2,2 x Tesla V100S-PCIE-32GB,2.3387,48.8582,86.3035888671875,machine,N,1.0
2024-09-26T10:50:35,llama2_emissions,6322344a-6ccf-4c75-a005-31b97ac383c2,0.3869569301605224,4.3171537202871575e-06,1.1156677613956314e-05,75.0,0.0,32.36384582519531,8.058393994967143e-06,3.939614262799679e-05,3.407911335743847e-06,5.0862447958707775e-05,France,FRA,,,,Linux-5.15.0-116-generic-x86_64-with-glibc2.35,3.10.12,2.5.0,30,Intel(R) Xeon(R) Gold 6226R CPU @ 2.90GHz,2,2 x Tesla V100S-PCIE-32GB,2.3387,48.8582,86.3035888671875,machine,N,1.0
2024-09-26T10:50:43,llama2_emissions,f80a29a8-83ab-4f58-a0cd-6c75d4d2a762,3.4328675270080566,4.143858528701473e-05,1.207112857137568e-05,75.0,0.0,32.36384582519531,7.151493926843008e-05,0.000385889753156,3.080305374381472e-05,0.0004882077461682,France,FRA,,,,Linux-5.15.0-116-generic-x86_64-with-glibc2.35,3.10.12,2.5.0,30,Intel(R) Xeon(R) Gold 6226R CPU @ 2.90GHz,2,2 x Tesla V100S-PCIE-32GB,2.3387,48.8582,86.3035888671875,machine,N,1.0
2024-09-26T10:50:50,llama2_emissions,09efe8eb-2206-47c5-8b93-2c7e349a2345,3.427212715148926,4.1403972430360455e-05,1.2080946200784998e-05,75.0,0.0,32.36384582519531,7.13972250620524e-05,0.000385661697418,3.0741033108024564e-05,0.000487799955588,France,FRA,,,,Linux-5.15.0-116-generic-x86_64-with-glibc2.35,3.10.12,2.5.0,30,Intel(R) Xeon(R) Gold 6226R CPU @ 2.90GHz,2,2 x Tesla V100S-PCIE-32GB,2.3387,48.8582,86.3035888671875,machine,N,1.0
2024-09-26T10:50:57,llama2_emissions,e659fb2f-c63e-404d-9c95-f857489a477a,3.441167116165161,4.1551977602306686e-05,1.2074966486548389e-05,75.0,0.0,32.36384582519531,7.168787221113842e-05,0.0003869775318039,3.087827112603008e-05,0.0004895436751411,France,FRA,,,,Linux-5.15.0-116-generic-x86_64-with-glibc2.35,3.10.12,2.5.0,30,Intel(R) Xeon(R) Gold 6226R CPU @ 2.90GHz,2,2 x Tesla V100S-PCIE-32GB,2.3387,48.8582,86.3035888671875,machine,N,1.0
2024-09-26T10:51:04,llama2_emissions,c621d539-23e5-4029-a3a1-77c240eb1a7c,3.449439764022827,4.154998490399125e-05,1.2045429909329558e-05,75.0,988.5572891616536,32.36384582519531,7.186005512873332e-05,0.0003867408649479,3.0919278134736786e-05,0.0004895201982114,France,FRA,,,,Linux-5.15.0-116-generic-x86_64-with-glibc2.35,3.10.12,2.5.0,30,Intel(R) Xeon(R) Gold 6226R CPU @ 2.90GHz,2,2 x Tesla V100S-PCIE-32GB,2.3387,48.8582,86.3035888671875,machine,N,1.0
2024-09-26T10:51:11,llama2_emissions,6d5bfe0b-1096-4956-8463-8a7f52188611,3.440545558929444,4.043750597705567e-05,1.1753224970995054e-05,75.0,0.0,32.36384582519531,7.16749628384908e-05,0.00037386557687,3.087301343251359e-05,0.000476413553141,France,FRA,,,,Linux-5.15.0-116-generic-x86_64-with-glibc2.35,3.10.12,2.5.0,30,Intel(R) Xeon(R) Gold 6226R CPU @ 2.90GHz,2,2 x Tesla V100S-PCIE-32GB,2.3387,48.8582,86.3035888671875,machine,N,1.0
2024-09-26T10:51:17,llama2_emissions,1fc1d83b-6ce6-4531-9814-93588788d3a1,3.4458370208740234,4.153615590665856e-05,1.2054010580025364e-05,75.0,0.0,32.36384582519531,7.178510228792827e-05,0.00038667808712,3.089408278729024e-05,0.0004893572721952,France,FRA,,,,Linux-5.15.0-116-generic-x86_64-with-glibc2.35,3.10.12,2.5.0,30,Intel(R) Xeon(R) Gold 6226R CPU @ 2.90GHz,2,2 x Tesla V100S-PCIE-32GB,2.3387,48.8582,86.3035888671875,machine,N,1.0
2024-09-26T10:51:27,llama2_emissions,6421d094-afc8-45f4-9807-71f3588e9151,3.441716194152832,4.149722913724984e-05,1.205713277804542e-05,75.0,858.072039146929,32.36384582519531,7.16981440782547e-05,0.000386379197992,3.082131528020302e-05,0.0004888986573504,France,FRA,,,,Linux-5.15.0-116-generic-x86_64-with-glibc2.35,3.10.12,2.5.0,30,Intel(R) Xeon(R) Gold 6226R CPU @ 2.90GHz,2,2 x Tesla V100S-PCIE-32GB,2.3387,48.8582,86.3035888671875,machine,N,1.0
2024-09-26T10:51:34,llama2_emissions,2966f0c8-16e0-4213-a6d3-291769053018,3.4400887489318848,4.1477819434910486e-05,1.2057194584816731e-05,75.0,925.7791852616864,32.36384582519531,7.166536152362824e-05,0.000386162253374,3.084236748799715e-05,0.0004886699823856,France,FRA,,,,Linux-5.15.0-116-generic-x86_64-with-glibc2.35,3.10.12,2.5.0,30,Intel(R) Xeon(R) Gold 6226R CPU @ 2.90GHz,2,2 x Tesla V100S-PCIE-32GB,2.3387,48.8582,86.3035888671875,machine,N,1.0
2024-09-26T10:51:40,llama2_emissions,52b64e56-e952-4e67-aaf1-6e5e1d2fa86c,3.442957878112793,4.151072816113392e-05,1.205670520252993e-05,75.0,0.0,32.36384582519531,7.172506054242452e-05,0.0003864386424839,3.0893992765631994e-05,0.000489057695792,France,FRA,,,,Linux-5.15.0-116-generic-x86_64-with-glibc2.35,3.10.12,2.5.0,30,Intel(R) Xeon(R) Gold 6226R CPU @ 2.90GHz,2,2 x Tesla V100S-PCIE-32GB,2.3387,48.8582,86.3035888671875,machine,N,1.0
2024-09-26T10:51:47,llama2_emissions,a95ec3c8-cb6f-4272-88d6-51037033e9db,3.4365971088409424,4.149933496019729e-05,1.2075705602334552e-05,75.0,957.6874230824748,32.36384582519531,7.159259418646494e-05,0.0003865239203299,3.0806952538966163e-05,0.0004889234670554,France,FRA,,,,Linux-5.15.0-116-generic-x86_64-with-glibc2.35,3.10.12,2.5.0,30,Intel(R) Xeon(R) Gold 6226R CPU @ 2.90GHz,2,2 x Tesla V100S-PCIE-32GB,2.3387,48.8582,86.3035888671875,machine,N,1.0
2024-09-26T10:51:54,llama2_emissions,ca973966-a788-43f7-a87c-217d074a6438,3.44285535812378,4.1547018554595306e-05,1.2067605005990376e-05,75.0,1214.420472307271,32.36384582519531,7.172310849030812e-05,0.000386908365082,3.0853776661494216e-05,0.0004894852502338,France,FRA,,,,Linux-5.15.0-116-generic-x86_64-with-glibc2.35,3.10.12,2.5.0,30,Intel(R) Xeon(R) Gold 6226R CPU @ 2.90GHz,2,2 x Tesla V100S-PCIE-32GB,2.3387,48.8582,86.3035888671875,machine,N,1.0
2024-09-26T10:52:00,llama2_emissions,5f8a0ef9-121e-4e04-97d7-28c66498e076,3.451019763946533,4.051337574461907e-05,1.173953744567623e-05,75.0,0.0,32.36384582519531,7.189321517944337e-05,0.000374446966224,3.0967229671365805e-05,0.0004773074110748,France,FRA,,,,Linux-5.15.0-116-generic-x86_64-with-glibc2.35,3.10.12,2.5.0,30,Intel(R) Xeon(R) Gold 6226R CPU @ 2.90GHz,2,2 x Tesla V100S-PCIE-32GB,2.3387,48.8582,86.3035888671875,machine,N,1.0
2024-09-26T10:52:08,llama2_emissions,71c567f1-05cc-44e0-a1c2-fb20ba8c2cba,3.448841094970703,4.1551124419742056e-05,1.2047851227571567e-05,75.0,0.0,32.36384582519531,7.184759279092154e-05,0.0003867533649579,3.0932665641342584e-05,0.0004895336233902,France,FRA,,,,Linux-5.15.0-116-generic-x86_64-with-glibc2.35,3.10.12,2.5.0,30,Intel(R) Xeon(R) Gold 6226R CPU @ 2.90GHz,2,2 x Tesla V100S-PCIE-32GB,2.3387,48.8582,86.3035888671875,machine,N,1.0
2024-09-26T10:52:14,llama2_emissions,659f328c-01cc-464a-b6e6-b92c821f0d40,3.439143180847168,4.151341955223707e-05,1.20708610747666e-05,75.0,1244.3080110944145,32.36384582519531,7.164582610130308e-05,0.000386640031534,3.080354671956229e-05,0.0004890894043548,France,FRA,,,,Linux-5.15.0-116-generic-x86_64-with-glibc2.35,3.10.12,2.5.0,30,Intel(R) Xeon(R) Gold 6226R CPU @ 2.90GHz,2,2 x Tesla V100S-PCIE-32GB,2.3387,48.8582,86.3035888671875,machine,N,1.0
2024-09-26T10:52:21,llama2_emissions,b046fe3c-1c8d-4502-970c-3c61f59e61e4,3.478523731231689,4.174451750254201e-05,1.2000641860724332e-05,75.0,812.3467576348822,32.36384582519531,7.24655290444692e-05,0.0003881539216339,3.119262890001968e-05,0.0004918120795784,France,FRA,,,,Linux-5.15.0-116-generic-x86_64-with-glibc2.35,3.10.12,2.5.0,30,Intel(R) Xeon(R) Gold 6226R CPU @ 2.90GHz,2,2 x Tesla V100S-PCIE-32GB,2.3387,48.8582,86.3035888671875,machine,N,1.0
2024-09-26T10:52:27,llama2_emissions,4c51418a-28d2-4762-ba09-089ee98e322a,1.2727880477905271,1.5028764745934751e-05,1.180775131572272e-05,75.0,1944.097584294065,32.36384582519531,2.651326855023702e-05,0.0001392245558239,1.1323224247159184e-05,0.0001770610486213,France,FRA,,,,Linux-5.15.0-116-generic-x86_64-with-glibc2.35,3.10.12,2.5.0,30,Intel(R) Xeon(R) Gold 6226R CPU @ 2.90GHz,2,2 x Tesla V100S-PCIE-32GB,2.3387,48.8582,86.3035888671875,machine,N,1.0
2024-09-26T10:52:33,llama2_emissions,c1af4996-b0c3-4d84-a1aa-058ccfb53e16,3.448158025741577,4.155060986884312e-05,1.2050088644039754e-05,75.0,1043.293126007654,32.36384582519531,7.183342178662618e-05,0.0003867891983199,3.090494111397371e-05,0.0004895275612205,France,FRA,,,,Linux-5.15.0-116-generic-x86_64-with-glibc2.35,3.10.12,2.5.0,30,Intel(R) Xeon(R) Gold 6226R CPU @ 2.90GHz,2,2 x Tesla V100S-PCIE-32GB,2.3387,48.8582,86.3035888671875,machine,N,1.0
2024-09-26T10:52:40,llama2_emissions,3dbcf369-e5a2-4fa7-a89f-41d64482c856,3.442504644393921,4.15292985684701e-05,1.2063687012332746e-05,75.0,0.0,32.36384582519531,7.171569267908732e-05,0.0003866728093379,3.088798060488443e-05,0.0004892764826219,France,FRA,,,,Linux-5.15.0-116-generic-x86_64-with-glibc2.35,3.10.12,2.5.0,30,Intel(R) Xeon(R) Gold 6226R CPU @ 2.90GHz,2,2 x Tesla V100S-PCIE-32GB,2.3387,48.8582,86.3035888671875,machine,N,1.0
2024-09-26T10:52:47,llama2_emissions,e3e0ae67-7606-4640-9a1a-378844e61c4e,3.45251727104187,4.061463619289208e-05,1.1763774951554626e-05,75.0,833.2582162337952,32.36384582519531,7.192240158716837e-05,0.0003756216893859,3.095631776036195e-05,0.0004785004087335,France,FRA,,,,Linux-5.15.0-116-generic-x86_64-with-glibc2.35,3.10.12,2.5.0,30,Intel(R) Xeon(R) Gold 6226R CPU @ 2.90GHz,2,2 x Tesla V100S-PCIE-32GB,2.3387,48.8582,86.3035888671875,machine,N,1.0
2024-09-26T10:52:53,llama2_emissions,828a521e-b844-4147-a5d1-db4ec9dd0163,3.432246923446656,4.148698813214353e-05,1.2087413597411688e-05,75.0,0.0,32.36384582519531,7.150209446748096e-05,0.00038647947585,3.079643286518754e-05,0.0004887780031826,France,FRA,,,,Linux-5.15.0-116-generic-x86_64-with-glibc2.35,3.10.12,2.5.0,30,Intel(R) Xeon(R) Gold 6226R CPU @ 2.90GHz,2,2 x Tesla V100S-PCIE-32GB,2.3387,48.8582,86.3035888671875,machine,N,1.0
2024-09-26T10:52:59,llama2_emissions,05971b67-9f79-4f34-b828-615877d0cb51,3.442734718322754,4.155275951171149e-05,1.206969543443514e-05,75.0,1047.1680925158466,32.36384582519531,7.172050575415292e-05,0.0003869778095819,3.085457185280878e-05,0.0004895528871889,France,FRA,,,,Linux-5.15.0-116-generic-x86_64-with-glibc2.35,3.10.12,2.5.0,30,Intel(R) Xeon(R) Gold 6226R CPU @ 2.90GHz,2,2 x Tesla V100S-PCIE-32GB,2.3387,48.8582,86.3035888671875,machine,N,1.0
2024-09-26T10:53:07,llama2_emissions,b1e44cc9-dd61-4578-86f3-315860cc468f,3.4621119499206543,4.1661312713405904e-05,1.2033496696824234e-05,75.0,1001.6674365107888,32.36384582519531,7.212411363919575e-05,0.0003876764212519,3.103126936434819e-05,0.0004908318042555,France,FRA,,,,Linux-5.15.0-116-generic-x86_64-with-glibc2.35,3.10.12,2.5.0,30,Intel(R) Xeon(R) Gold 6226R CPU @ 2.90GHz,2,2 x Tesla V100S-PCIE-32GB,2.3387,48.8582,86.3035888671875,machine,N,1.0
2024-09-26T10:53:14,llama2_emissions,603bbc10-5dc4-4e3b-b4b0-3fdfec396cda,3.4420087337493896,4.1486348260706415e-05,1.2052946831286864e-05,75.0,0.0,32.36384582519531,7.170540591080984e-05,0.0003861791978319,3.088586080916987e-05,0.0004887704645519,France,FRA,,,,Linux-5.15.0-116-generic-x86_64-with-glibc2.35,3.10.12,2.5.0,30,Intel(R) Xeon(R) Gold 6226R CPU @ 2.90GHz,2,2 x Tesla V100S-PCIE-32GB,2.3387,48.8582,86.3035888671875,machine,N,1.0
2024-09-26T10:53:20,llama2_emissions,81ece61a-3f33-4536-ac4a-f4ab5432618d,3.4398083686828613,4.148518432197392e-05,1.2060318446710168e-05,75.0,672.0645971986097,32.36384582519531,7.16595451037089e-05,0.000386267253458,3.082995307264961e-05,0.0004887567516343,France,FRA,,,,Linux-5.15.0-116-generic-x86_64-with-glibc2.35,3.10.12,2.5.0,30,Intel(R) Xeon(R) Gold 6226R CPU @ 2.90GHz,2,2 x Tesla V100S-PCIE-32GB,2.3387,48.8582,86.3035888671875,machine,N,1.0
2024-09-26T10:53:27,llama2_emissions,dcf59b6e-81ea-4516-921a-4ced5ff7e033,3.447559356689453,4.15407018216661e-05,1.204930721237992e-05,75.0,0.0,32.36384582519531,7.182097434997558e-05,0.0003866661426659,3.092371277309212e-05,0.000489410829789,France,FRA,,,,Linux-5.15.0-116-generic-x86_64-with-glibc2.35,3.10.12,2.5.0,30,Intel(R) Xeon(R) Gold 6226R CPU @ 2.90GHz,2,2 x Tesla V100S-PCIE-32GB,2.3387,48.8582,86.3035888671875,machine,N,1.0
2024-09-26T10:53:31,llama2_emissions,4e5574bd-ba5f-41d8-b53f-23a91e5b90f9,0.7210609912872314,7.126899873044808e-06,9.88390713013324e-06,75.0,637.5347180757672,32.36384582519531,1.5019158522288003e-05,6.255421671001737e-05,6.392032855028446e-06,8.396540808733382e-05,France,FRA,,,,Linux-5.15.0-116-generic-x86_64-with-glibc2.35,3.10.12,2.5.0,30,Intel(R) Xeon(R) Gold 6226R CPU @ 2.90GHz,2,2 x Tesla V100S-PCIE-32GB,2.3387,48.8582,86.3035888671875,machine,N,1.0
2024-09-26T10:53:37,llama2_emissions,449f65c8-9952-4cea-a31b-1557e007c5d4,3.444899559020996,4.151640330308402e-05,1.2051556973371538e-05,75.0,0.0,32.36384582519531,7.176437973976135e-05,0.00038647530918,3.0884868427556284e-05,0.0004891245573473,France,FRA,,,,Linux-5.15.0-116-generic-x86_64-with-glibc2.35,3.10.12,2.5.0,30,Intel(R) Xeon(R) Gold 6226R CPU @ 2.90GHz,2,2 x Tesla V100S-PCIE-32GB,2.3387,48.8582,86.3035888671875,machine,N,1.0
2024-09-26T10:53:45,llama2_emissions,566747e1-52c5-4813-b2f4-a363d74d0f59,3.4500319957733154,4.156804231309961e-05,1.2048596176506544e-05,75.0,1107.6483018379024,32.36384582519531,7.187248766422272e-05,0.0003869500317819,3.0910421718263027e-05,0.0004897329411644,France,FRA,,,,Linux-5.15.0-116-generic-x86_64-with-glibc2.35,3.10.12,2.5.0,30,Intel(R) Xeon(R) Gold 6226R CPU @ 2.90GHz,2,2 x Tesla V100S-PCIE-32GB,2.3387,48.8582,86.3035888671875,machine,N,1.0
2024-09-26T10:53:51,llama2_emissions,dc6fade1-36ef-4787-94ab-999edd832fd9,3.444159030914306,4.154024365444216e-05,1.2061070142691596e-05,75.0,0.0,32.36384582519531,7.174973686536154e-05,0.0003867514205119,3.0904274525028084e-05,0.0004894054319023,France,FRA,,,,Linux-5.15.0-116-generic-x86_64-with-glibc2.35,3.10.12,2.5.0,30,Intel(R) Xeon(R) Gold 6226R CPU @ 2.90GHz,2,2 x Tesla V100S-PCIE-32GB,2.3387,48.8582,86.3035888671875,machine,N,1.0
2024-09-26T10:53:57,llama2_emissions,625a2ba8-2fd0-4626-80b7-c40ff44d79e4,3.435410976409912,4.14863704326338e-05,1.207610114699816e-05,75.0,655.0091245285317,32.36384582519531,7.156784832477569e-05,0.0003864144757979,3.078840164724776e-05,0.00048877072577,France,FRA,,,,Linux-5.15.0-116-generic-x86_64-with-glibc2.35,3.10.12,2.5.0,30,Intel(R) Xeon(R) Gold 6226R CPU @ 2.90GHz,2,2 x Tesla V100S-PCIE-32GB,2.3387,48.8582,86.3035888671875,machine,N,1.0
2024-09-26T10:54:04,llama2_emissions,b102598c-3e1f-4d2d-be74-fe08870dc9fb,3.461616039276123,4.159514011054127e-05,1.2016104512630885e-05,75.0,0.0,32.36384582519531,7.211380203564961e-05,0.0003868772539459,3.1061137264532585e-05,0.0004900521932461,France,FRA,,,,Linux-5.15.0-116-generic-x86_64-with-glibc2.35,3.10.12,2.5.0,30,Intel(R) Xeon(R) Gold 6226R CPU @ 2.90GHz,2,2 x Tesla V100S-PCIE-32GB,2.3387,48.8582,86.3035888671875,machine,N,1.0
2024-09-26T10:54:11,llama2_emissions,9baf37bd-8ee2-494d-9a89-b69074c70973,3.438354730606079,4.149507011804632e-05,1.2068292357586962e-05,75.0,0.0,32.36384582519531,7.162916660308838e-05,0.0003864053091239,3.083874518793891e-05,0.000488873220915,France,FRA,,,,Linux-5.15.0-116-generic-x86_64-with-glibc2.35,3.10.12,2.5.0,30,Intel(R) Xeon(R) Gold 6226R CPU @ 2.90GHz,2,2 x Tesla V100S-PCIE-32GB,2.3387,48.8582,86.3035888671875,machine,N,1.0
2024-09-26T10:54:18,llama2_emissions,f8fdd050-b0f9-4c97-81b2-4e19c68053ef,3.423603057861328,4.140556812912571e-05,1.2094149768341171e-05,75.0,0.0,32.36384582519531,7.132217288017272e-05,0.0003857758641759,3.0720718220478985e-05,0.0004878187552766,France,FRA,,,,Linux-5.15.0-116-generic-x86_64-with-glibc2.35,3.10.12,2.5.0,30,Intel(R) Xeon(R) Gold 6226R CPU @ 2.90GHz,2,2 x Tesla V100S-PCIE-32GB,2.3387,48.8582,86.3035888671875,machine,N,1.0
2024-09-26T10:54:25,llama2_emissions,464ec606-33ea-40cc-befd-19e824d9b766,3.461378335952759,4.056407787159166e-05,1.1719053490992117e-05,75.0,879.322315674985,32.36384582519531,7.210909823576609e-05,0.000374754744248,3.104091454201807e-05,0.0004779047570257,France,FRA,,,,Linux-5.15.0-116-generic-x86_64-with-glibc2.35,3.10.12,2.5.0,30,Intel(R) Xeon(R) Gold 6226R CPU @ 2.90GHz,2,2 x Tesla V100S-PCIE-32GB,2.3387,48.8582,86.3035888671875,machine,N,1.0
2024-09-26T10:54:32,llama2_emissions,191e0954-7cb9-4500-bc0c-a3228db59db0,3.4381535053253174,4.150931740984842e-05,1.207314255909607e-05,75.0,738.2730672877216,32.36384582519531,7.16251681248347e-05,0.000386597253722,3.081865321116614e-05,0.000489041075058,France,FRA,,,,Linux-5.15.0-116-generic-x86_64-with-glibc2.35,3.10.12,2.5.0,30,Intel(R) Xeon(R) Gold 6226R CPU @ 2.90GHz,2,2 x Tesla V100S-PCIE-32GB,2.3387,48.8582,86.3035888671875,machine,N,1.0
2024-09-26T10:54:37,llama2_emissions,c1a56cd4-4bd6-4f00-9f6e-a078e3b4bfb3,1.747729778289795,2.093165811676121e-05,1.1976484223575718e-05,75.0,0.0,32.36384582519531,3.6407887935638426e-05,0.0001945565445339,1.5641419587539834e-05,0.0002466058520571,France,FRA,,,,Linux-5.15.0-116-generic-x86_64-with-glibc2.35,3.10.12,2.5.0,30,Intel(R) Xeon(R) Gold 6226R CPU @ 2.90GHz,2,2 x Tesla V100S-PCIE-32GB,2.3387,48.8582,86.3035888671875,machine,N,1.0
2024-09-26T10:54:44,llama2_emissions,80ac266f-dcc7-4b12-a6b7-485c0aee6a88,3.454402446746826,4.153947024489622e-05,1.2025081294165914e-05,75.0,0.0,32.36384582519531,7.196355362733205e-05,0.0003864361424819,3.099662388615797e-05,0.0004893963199954,France,FRA,,,,Linux-5.15.0-116-generic-x86_64-with-glibc2.35,3.10.12,2.5.0,30,Intel(R) Xeon(R) Gold 6226R CPU @ 2.90GHz,2,2 x Tesla V100S-PCIE-32GB,2.3387,48.8582,86.3035888671875,machine,N,1.0
2024-09-26T10:54:50,llama2_emissions,476eb205-0757-49d9-bc3e-df8fa9f3a00e,3.4390056133270264,4.150459780227056e-05,1.2068778731104605e-05,75.0,847.1785204694214,32.36384582519531,7.164267698923746e-05,0.0003865025314239,3.0840262695892304e-05,0.0004889854711091,France,FRA,,,,Linux-5.15.0-116-generic-x86_64-with-glibc2.35,3.10.12,2.5.0,30,Intel(R) Xeon(R) Gold 6226R CPU @ 2.90GHz,2,2 x Tesla V100S-PCIE-32GB,2.3387,48.8582,86.3035888671875,machine,N,1.0
2024-09-26T10:54:57,llama2_emissions,8ceb1f8e-cfd1-4807-b612-2de3ca481c0e,3.447409152984619,4.152915509739637e-05,1.2046482809109622e-05,75.0,0.0,32.36384582519531,7.181586325168609e-05,0.000386527253666,3.093167540310181e-05,0.0004892747923207,France,FRA,,,,Linux-5.15.0-116-generic-x86_64-with-glibc2.35,3.10.12,2.5.0,30,Intel(R) Xeon(R) Gold 6226R CPU @ 2.90GHz,2,2 x Tesla V100S-PCIE-32GB,2.3387,48.8582,86.3035888671875,machine,N,1.0
2024-09-26T10:55:04,llama2_emissions,a4d6206c-d83a-4d65-9caa-9517c293278d,3.48378324508667,4.175988920813977e-05,1.1986936692182426e-05,75.0,1948.601023493536,32.36384582519531,7.257558902104695e-05,0.000388213643904,3.120394805185848e-05,0.0004919931809769,France,FRA,,,,Linux-5.15.0-116-generic-x86_64-with-glibc2.35,3.10.12,2.5.0,30,Intel(R) Xeon(R) Gold 6226R CPU @ 2.90GHz,2,2 x Tesla V100S-PCIE-32GB,2.3387,48.8582,86.3035888671875,machine,N,1.0
2024-09-26T10:55:10,llama2_emissions,7af97083-00e6-4c0c-915c-e4bf309310fb,3.4444637298583984,4.059756264794956e-05,1.178632316433726e-05,75.0,883.5465857560677,32.36384582519531,7.175658643245697e-05,0.0003756530783,3.088959242124171e-05,0.0004782992571537,France,FRA,,,,Linux-5.15.0-116-generic-x86_64-with-glibc2.35,3.10.12,2.5.0,30,Intel(R) Xeon(R) Gold 6226R CPU @ 2.90GHz,2,2 x Tesla V100S-PCIE-32GB,2.3387,48.8582,86.3035888671875,machine,N,1.0
2024-09-26T10:55:17,llama2_emissions,0026774b-4df7-4bee-9ddf-cfdcf1d1da37,3.4394969940185547,4.145575416912707e-05,1.2052853728676187e-05,75.0,0.0,32.36384582519531,7.165318727493285e-05,0.000385893919826,3.0862913859806815e-05,0.0004884100209607,France,FRA,,,,Linux-5.15.0-116-generic-x86_64-with-glibc2.35,3.10.12,2.5.0,30,Intel(R) Xeon(R) Gold 6226R CPU @ 2.90GHz,2,2 x Tesla V100S-PCIE-32GB,2.3387,48.8582,86.3035888671875,machine,N,1.0
2024-09-26T10:55:22,llama2_emissions,6df9225f-e26a-4059-ab56-802411064e03,1.1795828342437744,1.3898315918480342e-05,1.1782399264389511e-05,75.0,0.0,32.36384582519531,2.4571672081947328e-05,0.00012868204739,1.0488972106407647e-05,0.0001637426915783,France,FRA,,,,Linux-5.15.0-116-generic-x86_64-with-glibc2.35,3.10.12,2.5.0,30,Intel(R) Xeon(R) Gold 6226R CPU @ 2.90GHz,2,2 x Tesla V100S-PCIE-32GB,2.3387,48.8582,86.3035888671875,machine,N,1.0
2024-09-26T10:55:27,llama2_emissions,fa2c784d-2967-480d-8dfc-e1caefaa1c50,1.3320584297180176,1.5778494331302394e-05,1.1845196861704133e-05,75.0,0.0,32.36384582519531,2.774810294310252e-05,0.000146228172538,1.1917695127664652e-05,0.0001858939706087,France,FRA,,,,Linux-5.15.0-116-generic-x86_64-with-glibc2.35,3.10.12,2.5.0,30,Intel(R) Xeon(R) Gold 6226R CPU @ 2.90GHz,2,2 x Tesla V100S-PCIE-32GB,2.3387,48.8582,86.3035888671875,machine,N,1.0
2024-09-26T10:55:33,llama2_emissions,9c910a87-bd4a-4d01-8898-a61c9319c9fa,3.4345834255218506,4.144075558041658e-05,1.206572979781968e-05,75.0,1754.5867181307342,32.36384582519531,7.155062754948933e-05,0.0003859036420559,3.077904582490797e-05,0.0004882333154303,France,FRA,,,,Linux-5.15.0-116-generic-x86_64-with-glibc2.35,3.10.12,2.5.0,30,Intel(R) Xeon(R) Gold 6226R CPU @ 2.90GHz,2,2 x Tesla V100S-PCIE-32GB,2.3387,48.8582,86.3035888671875,machine,N,1.0
2024-09-26T10:55:40,llama2_emissions,506124e7-ea59-4e36-b02f-313d2c62ac16,3.441563129425049,4.150589511181762e-05,1.20601870577198e-05,75.0,927.6168361377356,32.36384582519531,7.169608771800995e-05,0.0003864430869319,3.086158068191556e-05,0.0004890007553319,France,FRA,,,,Linux-5.15.0-116-generic-x86_64-with-glibc2.35,3.10.12,2.5.0,30,Intel(R) Xeon(R) Gold 6226R CPU @ 2.90GHz,2,2 x Tesla V100S-PCIE-32GB,2.3387,48.8582,86.3035888671875,machine,N,1.0
2024-09-26T10:55:44,llama2_emissions,c73c4412-340f-4bfe-b7d8-615cf882e7f5,0.5298092365264893,6.009029739034876e-06,1.1341874253516224e-05,75.0,894.5725757120565,32.36384582519531,1.1034717162450156e-05,5.507587739400632e-05,4.684652077397308e-06,7.079524663385378e-05,France,FRA,,,,Linux-5.15.0-116-generic-x86_64-with-glibc2.35,3.10.12,2.5.0,30,Intel(R) Xeon(R) Gold 6226R CPU @ 2.90GHz,2,2 x Tesla V100S-PCIE-32GB,2.3387,48.8582,86.3035888671875,machine,N,1.0
2024-09-26T10:55:49,llama2_emissions,9cc2882c-6794-4619-a5e9-7645eaabdf30,2.187318563461304,2.6176940186589005e-05,1.1967593849322763e-05,75.0,788.1222051465824,32.36384582519531,4.556611677010853e-05,0.000243266583502,1.9570322696927177e-05,0.000308403022969,France,FRA,,,,Linux-5.15.0-116-generic-x86_64-with-glibc2.35,3.10.12,2.5.0,30,Intel(R) Xeon(R) Gold 6226R CPU @ 2.90GHz,2,2 x Tesla V100S-PCIE-32GB,2.3387,48.8582,86.3035888671875,machine,N,1.0
2024-09-26T10:55:54,llama2_emissions,1032e548-50f8-49aa-a562-b6aec0b38e00,0.4717936515808105,4.7335904803931055e-06,1.0033179684662032e-05,75.0,889.9472832905714,32.36384582519531,9.825795888900756e-06,4.1805589000007415e-05,4.137303248241248e-06,5.576868813714941e-05,France,FRA,,,,Linux-5.15.0-116-generic-x86_64-with-glibc2.35,3.10.12,2.5.0,30,Intel(R) Xeon(R) Gold 6226R CPU @ 2.90GHz,2,2 x Tesla V100S-PCIE-32GB,2.3387,48.8582,86.3035888671875,machine,N,1.0
2024-09-26T10:56:00,llama2_emissions,f94822a7-bc57-4fbb-b532-f1a8a6411ea3,3.484347105026245,4.210710435800813e-05,1.2084646876101333e-05,75.0,903.3892765264524,32.36384582519531,7.258749504884084e-05,0.000392249202688,3.124719059841178e-05,0.0004960838883352,France,FRA,,,,Linux-5.15.0-116-generic-x86_64-with-glibc2.35,3.10.12,2.5.0,30,Intel(R) Xeon(R) Gold 6226R CPU @ 2.90GHz,2,2 x Tesla V100S-PCIE-32GB,2.3387,48.8582,86.3035888671875,machine,N,1.0
2024-09-26T10:56:07,llama2_emissions,a76da3ff-b14d-4c4e-90b8-683753e74964,3.4350664615631104,4.149392948990969e-05,1.2079512857817628e-05,75.0,0.0,32.36384582519531,7.156077524026235e-05,0.000386481698074,3.08173093164108e-05,0.0004888597826306,France,FRA,,,,Linux-5.15.0-116-generic-x86_64-with-glibc2.35,3.10.12,2.5.0,30,Intel(R) Xeon(R) Gold 6226R CPU @ 2.90GHz,2,2 x Tesla V100S-PCIE-32GB,2.3387,48.8582,86.3035888671875,machine,N,1.0
2024-09-26T10:56:14,llama2_emissions,da47d781-1841-4d90-9052-37db1bff3bf0,3.444315195083618,4.152316856028701e-05,1.2055565826134838e-05,75.0,1828.752331830312,32.36384582519531,7.175349195798238e-05,0.0003866030870599,3.084768305257967e-05,0.0004892042620705,France,FRA,,,,Linux-5.15.0-116-generic-x86_64-with-glibc2.35,3.10.12,2.5.0,30,Intel(R) Xeon(R) Gold 6226R CPU @ 2.90GHz,2,2 x Tesla V100S-PCIE-32GB,2.3387,48.8582,86.3035888671875,machine,N,1.0
2024-09-26T10:56:20,llama2_emissions,93e5f386-3958-4a8e-a3c8-b0e8f6dfa073,1.8808982372283936,2.239725028235206e-05,1.1907741651858652e-05,75.0,689.756632958486,32.36384582519531,3.918244938055674e-05,0.00020787099963,1.681924367375662e-05,0.0002638726926843,France,FRA,,,,Linux-5.15.0-116-generic-x86_64-with-glibc2.35,3.10.12,2.5.0,30,Intel(R) Xeon(R) Gold 6226R CPU @ 2.90GHz,2,2 x Tesla V100S-PCIE-32GB,2.3387,48.8582,86.3035888671875,machine,N,1.0
2024-09-26T10:56:26,llama2_emissions,5b6a1ae7-d6ba-4c73-998e-e2a21e1f3966,2.448986053466797,2.9420990292326328e-05,1.2013539338322416e-05,75.0,1255.5952240349418,32.36384582519531,5.101758241653442e-05,0.0002736985522919,2.1906590492362733e-05,0.0003466227252008,France,FRA,,,,Linux-5.15.0-116-generic-x86_64-with-glibc2.35,3.10.12,2.5.0,30,Intel(R) Xeon(R) Gold 6226R CPU @ 2.90GHz,2,2 x Tesla V100S-PCIE-32GB,2.3387,48.8582,86.3035888671875,machine,N,1.0
2024-09-26T10:56:33,llama2_emissions,6a952d0d-eacc-4302-94f4-0a5e67abcbed,2.408419370651245,2.8732647085392e-05,1.1930084700166896e-05,75.0,787.3717652990122,32.36384582519531,5.017199615637461e-05,0.0002667952134359,2.1545815836680047e-05,0.000338513025429,France,FRA,,,,Linux-5.15.0-116-generic-x86_64-with-glibc2.35,3.10.12,2.5.0,30,Intel(R) Xeon(R) Gold 6226R CPU @ 2.90GHz,2,2 x Tesla V100S-PCIE-32GB,2.3387,48.8582,86.3035888671875,machine,N,1.0
2024-09-26T10:56:37,llama2_emissions,560a462b-32c3-49c1-b973-0191df216e1c,0.9564673900604248,1.1115249560069646e-05,1.1621148484076848e-05,75.0,3001.082434262293,32.36384582519531,1.992267370223999e-05,0.0001026253598779,8.406025257293851e-06,0.0001309540588375,France,FRA,,,,Linux-5.15.0-116-generic-x86_64-with-glibc2.35,3.10.12,2.5.0,30,Intel(R) Xeon(R) Gold 6226R CPU @ 2.90GHz,2,2 x Tesla V100S-PCIE-32GB,2.3387,48.8582,86.3035888671875,machine,N,1.0
2024-09-26T10:56:43,llama2_emissions,69c93b28-a511-4507-83b0-14a1c56a69d3,2.3326330184936523,2.689377947758143e-05,1.1529365855821017e-05,75.0,888.1706011388923,32.36384582519531,4.8593466480573015e-05,0.000247361309,2.089367322382713e-05,0.0003168484487044,France,FRA,,,,Linux-5.15.0-116-generic-x86_64-with-glibc2.35,3.10.12,2.5.0,30,Intel(R) Xeon(R) Gold 6226R CPU @ 2.90GHz,2,2 x Tesla V100S-PCIE-32GB,2.3387,48.8582,86.3035888671875,machine,N,1.0
2024-09-26T10:56:49,llama2_emissions,b0dd96e2-cc9c-4244-8cdb-7499aff33f00,2.3873088359832764,2.870145249897316e-05,1.2022513411907056e-05,75.0,945.8040446043016,32.36384582519531,4.973253607749939e-05,0.000267034102516,2.137886852807848e-05,0.0003381455071215,France,FRA,,,,Linux-5.15.0-116-generic-x86_64-with-glibc2.35,3.10.12,2.5.0,30,Intel(R) Xeon(R) Gold 6226R CPU @ 2.90GHz,2,2 x Tesla V100S-PCIE-32GB,2.3387,48.8582,86.3035888671875,machine,N,1.0
2024-09-26T10:56:53,llama2_emissions,24c7597b-ed50-4880-b283-7498968d2573,0.460123062133789,5.207715886034944e-06,1.1318093602795127e-05,75.0,1838.9639548318337,32.36384582519531,9.582951664924622e-06,4.774364930600072e-05,4.027984804530812e-06,6.135458577545616e-05,France,FRA,,,,Linux-5.15.0-116-generic-x86_64-with-glibc2.35,3.10.12,2.5.0,30,Intel(R) Xeon(R) Gold 6226R CPU @ 2.90GHz,2,2 x Tesla V100S-PCIE-32GB,2.3387,48.8582,86.3035888671875,machine,N,1.0
2024-09-26T10:57:00,llama2_emissions,a29c695b-4538-4f1b-b119-2f02ef849c52,3.448355197906494,4.147267547860557e-05,1.2026799183501672e-05,75.0,0.0,32.36384582519531,7.18378225962321e-05,0.0003858289197739,3.094263661168042e-05,0.0004886093789819,France,FRA,,,,Linux-5.15.0-116-generic-x86_64-with-glibc2.35,3.10.12,2.5.0,30,Intel(R) Xeon(R) Gold 6226R CPU @ 2.90GHz,2,2 x Tesla V100S-PCIE-32GB,2.3387,48.8582,86.3035888671875,machine,N,1.0
2024-09-26T10:57:03,llama2_emissions,a42be598-328c-4d4b-9ee0-d52206bc0932,0.137416124343872,1.5492363205674733e-06,1.1274050465072368e-05,75.0,865.7825709438963,32.36384582519531,2.859835823376973e-06,1.4253622513990538e-05,1.1388339913294962e-06,1.8252292328697006e-05,France,FRA,,,,Linux-5.15.0-116-generic-x86_64-with-glibc2.35,3.10.12,2.5.0,30,Intel(R) Xeon(R) Gold 6226R CPU @ 2.90GHz,2,2 x Tesla V100S-PCIE-32GB,2.3387,48.8582,86.3035888671875,machine,N,1.0
2024-09-26T10:57:07,llama2_emissions,a065d5e4-96df-41e9-906a-c12e888736db,0.1386389732360839,1.6150672350504546e-06,1.1649446020493869e-05,75.0,658.3819449260733,32.36384582519531,2.885272105534872e-06,1.4984734209994022e-05,1.1578714286770263e-06,1.902787774420592e-05,France,FRA,,,,Linux-5.15.0-116-generic-x86_64-with-glibc2.35,3.10.12,2.5.0,30,Intel(R) Xeon(R) Gold 6226R CPU @ 2.90GHz,2,2 x Tesla V100S-PCIE-32GB,2.3387,48.8582,86.3035888671875,machine,N,1.0
2024-09-26T10:57:10,llama2_emissions,cd8ef0aa-4cf2-45be-94d6-62aaa846c1df,0.1308023929595947,1.5398577374447228e-06,1.1772397297963729e-05,75.0,0.0,32.36384582519531,2.721885840098063e-06,1.430834477998688e-05,1.111568145743149e-06,1.8141798765828093e-05,France,FRA,,,,Linux-5.15.0-116-generic-x86_64-with-glibc2.35,3.10.12,2.5.0,30,Intel(R) Xeon(R) Gold 6226R CPU @ 2.90GHz,2,2 x Tesla V100S-PCIE-32GB,2.3387,48.8582,86.3035888671875,machine,N,1.0
2024-09-26T10:57:13,llama2_emissions,4463caed-3fe9-49c7-b6dd-832e9f60308f,0.1322202682495117,1.491948164118626e-06,1.128380832886516e-05,75.0,0.0,32.36384582519531,2.751598755518595e-06,1.3704455408020122e-05,1.1212990583256517e-06,1.757735322186437e-05,France,FRA,,,,Linux-5.15.0-116-generic-x86_64-with-glibc2.35,3.10.12,2.5.0,30,Intel(R) Xeon(R) Gold 6226R CPU @ 2.90GHz,2,2 x Tesla V100S-PCIE-32GB,2.3387,48.8582,86.3035888671875,machine,N,1.0
2024-09-26T10:57:16,llama2_emissions,a8cad3c4-232a-45d4-ad29-ac03c086db1e,0.1371212005615234,1.5427211933974217e-06,1.1250785342309156e-05,75.0,0.0,32.36384582519531,2.853517731030782e-06,1.4170566891985592e-05,1.1514498837217008e-06,1.817553450673808e-05,France,FRA,,,,Linux-5.15.0-116-generic-x86_64-with-glibc2.35,3.10.12,2.5.0,30,Intel(R) Xeon(R) Gold 6226R CPU @ 2.90GHz,2,2 x Tesla V100S-PCIE-32GB,2.3387,48.8582,86.3035888671875,machine,N,1.0
2024-09-26T10:57:20,llama2_emissions,38b07d30-0994-489b-85df-e81eafd1d894,0.1381952762603759,1.5621619709275197e-06,1.1304018582981264e-05,75.0,0.0,32.36384582519531,2.875750263532003e-06,1.4355011484001867e-05,1.1738138356789325e-06,1.84045755832128e-05,France,FRA,,,,Linux-5.15.0-116-generic-x86_64-with-glibc2.35,3.10.12,2.5.0,30,Intel(R) Xeon(R) Gold 6226R CPU @ 2.90GHz,2,2 x Tesla V100S-PCIE-32GB,2.3387,48.8582,86.3035888671875,machine,N,1.0
2024-09-26T10:57:23,llama2_emissions,ea4ad3d7-f8c3-4d1c-ac79-07b02cbbb72c,0.138601541519165,1.558085466400507e-06,1.1241472853208228e-05,75.0,666.8694380764065,32.36384582519531,2.8836230436960854e-06,1.43172336760089e-05,1.1556916185236331e-06,1.835654833822862e-05,France,FRA,,,,Linux-5.15.0-116-generic-x86_64-with-glibc2.35,3.10.12,2.5.0,30,Intel(R) Xeon(R) Gold 6226R CPU @ 2.90GHz,2,2 x Tesla V100S-PCIE-32GB,2.3387,48.8582,86.3035888671875,machine,N,1.0
2024-09-26T10:57:27,llama2_emissions,c311f32e-69ca-4787-9aaf-447839e8341c,0.1386828422546386,1.1742661283293163e-06,8.467277633185654e-06,75.0,0.0,32.36384582519531,2.8859724601109817e-06,9.780841157991382e-06,1.1677759544575868e-06,1.3834589572559952e-05,France,FRA,,,,Linux-5.15.0-116-generic-x86_64-with-glibc2.35,3.10.12,2.5.0,30,Intel(R) Xeon(R) Gold 6226R CPU @ 2.90GHz,2,2 x Tesla V100S-PCIE-32GB,2.3387,48.8582,86.3035888671875,machine,N,1.0
2024-09-26T10:57:30,llama2_emissions,db27c5d4-35f4-408b-af26-fec5acf1cee1,0.1433813571929931,1.35839098664352e-06,9.47397216233006e-06,75.0,0.0,32.36384582519531,2.983937660853068e-06,1.1806120556012711e-05,1.2137941688069987e-06,1.600385238567278e-05,France,FRA,,,,Linux-5.15.0-116-generic-x86_64-with-glibc2.35,3.10.12,2.5.0,30,Intel(R) Xeon(R) Gold 6226R CPU @ 2.90GHz,2,2 x Tesla V100S-PCIE-32GB,2.3387,48.8582,86.3035888671875,machine,N,1.0
2024-09-26T10:57:34,llama2_emissions,e72b9297-db7b-473c-ad53-e2ddbddf47dc,0.930189847946167,1.0600287979314591e-05,1.139583279985234e-05,75.0,1042.918643102849,32.36384582519531,1.9375860691070555e-05,9.72506333559997e-05,8.260556687676702e-06,0.00012488705073474698,France,FRA,,,,Linux-5.15.0-116-generic-x86_64-with-glibc2.35,3.10.12,2.5.0,30,Intel(R) Xeon(R) Gold 6226R CPU @ 2.90GHz,2,2 x Tesla V100S-PCIE-32GB,2.3387,48.8582,86.3035888671875,machine,N,1.0
